Area,Pincode
Abasana,382120
Adroda,382220
Adval,382460
Ahmedabad.,380001
Akru,382250
Alampur,363610
Alau,382255
Ambaliara,387810
Ambareli,387810
Ambawadi,380006
Ambawadi Vistar,380015
Ambli,382463
Amraiwadi,380026
Anandnagar,380007
Andej,382115
Aniali ( k ),363610
Aniali Bhimji,382250
Arnej,382230
Asalgam,382150
Asarwa Chakla,380016
Asarwa Ext south,380024
Ashoknagar,382140
Ashram Road,380009
Aslali,382427
Azad Society,380015
Badanpur,382465
Badarkha,382276
Bagad,382255
Bagodara,382230
Bajarda,382460
Bakrana,382170
Bakrol,382430
Baldana,382240
Balsasan,382145
Bamroli,382145
Bamsara,382240
Bapunagar,380024
Bareja,382425
Barwala Ghelasha,382450
Bavaliary,382455
Bavla,382220
Bavla Market yard,382220
Behrampura,380022
Bela,382450
Bhadaj,380060
Bhadana,382140
Bhadiad,382463
Bhairavnath Road,380028
Bhangadh,382455
Bhankoda,382140
Bhat,382210
Bhavda,382433
Bhayla,382220
Bhojwa,382150
Bholad,382230
Bhoyani,382145
Bhurkhi,382230
Bhuvaldi,382430
Bilasia,382330
Bodakdev,380054
Bodia,363610
Bol,382170
Bopal,380058
Bordibazar Viramgam,382150
Calico Mills,380022
Cantonment,380004
Chaloda,382260
Chandarva,382255
Chandial,382433
Chandisar,382260
Chandlodia,382481
Chandranagar,382150
Changodar,382213
Charanki,382450
Charel,382110
Charol,382120
Chaulaj,382433
Chekhla,382115
Chhabasar,382220
Chhaniar,382140
Chharodi,382170
Chhasiana,382460
Chiada,382220
Chokdi,382250
Chuval Dangarva,382145
Civil Hospital,380016
Ctm Char rasta,380026
D Cabin,380019
Dabhsar,382120
Dadhana,382120
Daduka,382110
Dadusar,387810
Dalod,382130
Daran,382220
Dariapur,380001
Daslana,382150
Daxini Society,380008
Dehgamda,382220
Dekawada,382120
Delhi Gate,380004
Deo Dholera,382240
Detroj,382120
Devaliya,363610
Devpura,382140
Devtimoti,382213
Dhakdi,382150
Dhamatvan,382435
Dhanala,382465
Dhandhuka,382460
Dhanwada,382220
Dharpipla,363610
Dhedasana,382130
Dhingada,382230
Dholera,382455
Dholi,382240
Dholka,387810
Digvijaynagar,382470
District Court,380001
Dodar,382170
Dudheshwar Tavdipura,380004
Dumana,382150
Durgi,382230
Ellisbridge,380006
Endla,382130
Fangadi,382110
Fatepur,382465
Fatewadi,382210
Fedra,382465
Galsana,363610
Gamanpura,382120
Gamdi,382435
Gamph,382465
Gandhi Ashram,380027
Gandhi Road,380001
Gangad,382240
Ganol,382265
Garodia,382115
Gatrad,382449
Geratpur,382435
Ghatisana,382140
Ghatlodia,380061
Gheekanta Road,380001
Ghoda,382150
Ghodasar,380050
Ghuma,380058
Girdharnagar,380004
Girmatha,382425
Gita Mandir road,380022
Godhavata,382255
Godhavi,382115
Gogla,382463
Gomtipur,380021
Goraiya,382150
Goraj,382110
Gorasu,382463
Gota,382481
Gujarat High court,380060
Gujarat University,380009
Gunda,382255
Gundi Sarvodaya ashram,382230
Gunjala,382120
Gunjar,382460
Gyaspur,382405
Hansalpur,382150
Harniav,382435
Hathijan,382445
Hebatpur,382455
Hirapur,382435
Hirapura,382150
I E bapunagar,380024
I I m,380015
Iawa (vasna),382170
Ingoli,382265
Isanpur,382443
Jagatpur,382470
Jakhada,382230
Jakwada,382150
Jalalpur Vajifa,387810
Jalampur,382150
Jalila,382255
Jalisana,382120
Jaliya,382460
Jamalpur,380001
Jamp,382110
Jantanagar,382449
Jawahar Chowk,380008
Jawaraj,382230
Jeska,382250
Jetalpur,382426
Jholapur,382170
Jivraj Park,380051
Jodhpur Char rasta,380015
Joshipura,382150
Juhapura,380055
Junapadhar,382150
Juval,382220
Juval Rupavati,382220
Kabir Chowk,380005
Kadipur,382463
Kadvasan,382130
Kalana,382170
Kali,382470
Kalupur Chakla,380001
Kalyangadh,382240
Kamiala,382465
Kamijala,382150
Kanbha,382430
Kaneti,382110
Kaniyel,382433
Kankravadi,382150
Kanz,382140
Karakthal,382150
Kasindra,382210
Kathwada,382430
Kathwada Maize product,382430
Katosan Road,382145
Kauka,382265
Kavitha,382260
Kelia vasna,387810
Kerala,382220
Keria,363610
Kesardi,382240
Khadia,380001
Khadol,382460
Khambhada,382450
Khamidana,382450
Khandachora Dhandhuka,382460
Khanpur,380001
Kharad,382460
Kharakuva Dholka,387810
Khas,382255
Khasta,382460
Khoda,382170
Khodiyar,382421
Khodiyarnagar,382350
Khokarnesh,363610
Khokhara Mehmadabad,380008
Khorajnanoda,382170
Khudad,382150
Khun,382455
Kocharia,382220
Kointia,382140
Kokta,382150
Kolat,382210
Koth,382240
Kothadia,382460
Krishnanagar,382345
Kubadthal,382430
Kubernagar,382340
Kubernagar B a,382340
Kuha,382433
Kujad,382430
Kukvav,382120
Kumarkhan,382150
Kundal,382110
Kundli,363610
Kunpur,382130
Kunvar,382110
L G hospital,380008
Lal Darwaja,380001
Lambha,382405
Lapkaman,380060
Limbadia,382330
Loliya,382465
Lothal Bhurkhi rs,382230
M D marg,380022
Madhupura Market,380004
Madrisana,382145
Mahijada,382425
Makarba,380051
Makhiav,382110
Mandal,382130
Manek Chowk,380001
Maninagar,380008
Manipur,382150
Mankol,382110
Marusana,382120
Matoda,382213
Medra,382330
Meghaningar,380016
Melaj,382150
Memnagar,380052
Mingalpur,382455
Miroli,382425
Mithapur,382230
Modasar,382220
Moraiya,382213
Mota Tradia,382460
Motera,380005
Moti kishol,382110
Moti Boru,382230
Moti Rantai,382145
Moti Vavdi,382255
Muktipur,382425
Municipal Corporation,380001
N C market,380002
N C mills,382345
Nadishala,382120
Nana Chiloda,382330
Nana Ubhada,382130
Nandej,382435
Nani Boru,382230
Nani Devti,382220
Nani Vavdi,363610
Nanodara,382220
Naranpura Vistar,380013
Narayannagar,380007
Naroda,382330
Naroda I e,382330
Naroda Road,382345
Naroda S a,382330
Narol,382405
Nava Vadaj,380013
Navagam,382130
Navapura,382210
Navda,382450
Navjivan,380014
Navrangpura,380009
Nayakpur,382130
Nedharad,382115
Nesda,387810
Nikol,382350
Nirnaynagar,382481
Noblenagar,382340
O N g c,380005
Ode,382427
Odhav,382120
Odhav Industrial estate,382415
Ogan,382150
Ognaj,380060
Otaria,382463
Otaria Sarvodaya ashram,382463
Padana,382460
Paldi,380007
Paldi Kankaj,382425
Panar,382140
Panchham,382465
Panchhi,382455
Parabadi,382250
Pardhol,382330
Pasunj,382430
Pimpan,382110
Pipli,382465
Pirana,382425
Pisawada,382265
Polarpur,382250
Polytechnic,380015
Post Bureau extn counter,380004
Public Office,380016
Rahemalpur,382150
Raikhad,380001
Railway Colony,380019
Railwaypura,380002
Raipur,380001
Rajoda,382220
Rajpur Gomtipur,380021
Rajpura,363610
Rakhial,380023
Rakhial Udyog vistar,380023
Rakhiana,382130
Ramol,382449
Rampur,387810
Rampura,382140
Ranesar,382220
Rangpur,382150
Ranip,382480
Ranoda,387810
Ranodra,382433
Ranpur,363610
Rasam,382220
Rayka,382460
Refda,382255
Rethal,382110
Revdibazar,380002
Ribadi,382130
Rohika,382230
Rojid,382450
Rojka,382460
Rudatal,382120
Rupal,382220
Rupgadh,382240
S A c,380015
S A mills,380008
Sabarmati,380005
Sachana,382150
Sadatpura,382120
Sahij,387810
Saijpur,382405
Saijpur Bogha,382345
Saiwada,387810
Salajada,382220
Salangpur - hanuman,382451
Salasar,363610
Sanand,382110
Sanathal,382210
Sandhida,382455
Sangasar,382463
Sangpura,382120
Sankod,382220
Sarandi,387810
Saraspur,380018
Sardarnagar,382475
Sargwala,382230
Sari,382220
Sarkhej,382210
Sarkhej Road,380007
Saroda,382260
Sarsavadi,382150
Sathal,387810
Shah Alam roza,380028
Shahibag,380004
Shahpur,382150
Shahwadi,382405
Shardanagar,380007
Shastrinagar,380013
Shela,380058
Sher,382130
Sherpura,387810
Shilaj,380058
Shivpura,382140
Shiyal,382230
Siawada,382170
Sihor,382140
Simej,382265
Sinaj,382120
Sindharej,387810
Sitapur,382130
Sobhasan,382145
Sodhi,382463
Sola,380060
Sola H b c,380013
Solgam,382130
Stadium Marg,380013
Sub Foreign,380004
Sukhrampura,380023
Sunderiana,382255
Sunvala,382145
T B nagar,382350
Tagadi,382250
Telav,382210
Telavi,382145
Thaltej,380059
Thaltej Road,380054
Thori Mubarak,382150
Thori Thumbha,382150
Thuleta,382150
Timba,382425
Tragad,382470
Transad,387810
Trent,382150
Ughroj,382120
Ukardi,382140
Ukhlod,382150
Umrela,363610
Unchadi,382250
Undrel,382433
Upardal,382110
Utelia,382230
Vadaj,380013
Vadgas,382150
Vadhela,382450
Vadod,382433
Vagad,363610
Valdhera,387810
Valhia,382450
Valinda,382463
Vanch,382449
Vani,382150
Vanpardi,382130
Vansva,382150
Vanthal,382150
Varmor,382130
Varna,382265
Vasai,382425
Vasisthnagar,380008
Vasna,382460
Vasna (iawa),382170
Vasna chacharvadi,382213
Vastral,382418
Vataman,382265
Vatva,382440
Vatva Industrial estate,382445
Vautha,387810
Vehlal,382330
Vejalka,382230
Vejalpur,380051
Vekaria,382110
Vinchhan,382120
Vinchhiya,382110
Vinzol,382445
Vinzuvada,382130
Viramgam,382150
Virdi,382265
Virochannagar,382170
Vishalpur,382210
Vithlpura,382120
Zanu,382430
Zanzarka,382460
Zanzarva,382120
Zezra,382150
Zinzar,382250
