Category,Description
School,"Educational materials for grades 1 to 12, covering subjects like mathematics, language arts, science, and social studies, aimed at foundational learning and skill development."
College,"Academic resources for undergraduate and graduate students, including textbooks, research papers, and specialized literature, designed to deepen understanding and support advanced study in specific disciplines."
Spiritual,"Books focusing on spirituality, religion, and personal beliefs."
Historical,Books set in specific historical periods or exploring historical events.
Romance,Books centered around romantic relationships and love stories.
Food,"Books about cooking, recipes, culinary arts, and food culture."
Health,Books covering topics related to physical and mental well-being.
Craft,"Books about DIY projects, crafting techniques, and creative hobbies."
Hobbies,"Books on various leisure activities, interests, and pastimes."
Sports,"Books about sports, athletes, competitions, and sports-related topics."
Other,"Books that explore unconventional themes, experimental styles, or niche subjects outside mainstream genres, offering readers unique and often innovative perspectives beyond traditional literary classifications."
